"Метрика","Пояснение","Owner","2026-S01 (07.01-20.01)","2026-S02 (21.01-03.02)"
"[Базовые метрики: каждый спринт, обязательны на любом проекте]","","","",""
"Тикеты за спринт (QA)","Сколько задач QA закрыл за спринт. Берётся фильтром в трекере по спринту и исполнителю.","<Owner>","18","21"
"Story points за спринт (QA)","Объём закрытых задач в story points, если проект их использует.","<Owner>","21","24"
"Git-активность за спринт (AQA)","Коммиты и изменённые строки по AQA-стриму за спринт. Снимается сборщиком git-метрик.","<Owner>","14 коммитов / +820/-310","11 коммитов / +540/-160"
"[Автоматизация: заводится, если на проекте есть автотесты]","","","",""
"Покрытие (грубая оценка)","Какая доля функциональности закрыта автотестами: число тестов к оценке функциональной поверхности. Грубая оценка, не точный процент.","<Owner>","~35%","~38%"
"Количество автотестов","Сколько автотестов в репозитории на конец спринта.","<Owner>","142","151"
"Pass rate последнего прогона","Доля прошедших тестов в последнем прогоне спринта.","<Owner>","94%","97%"
"Ощущение по flaky-тестам","Насколько прогону можно доверять. Короткая качественная оценка, не процент.","<Owner>","стабильно","3-4 нестабильных теста в UI-наборе"
"[Дефекты]","","","",""
"Снимок открытых/известных багов","Сколько известных багов открыто на конец спринта.","<Owner>","23","19"
"Production bug leakage (Баги, утекшие в прод)","Дефекты, найденные после релиза, а не до него. Показывает, что пропускает тестирование.","<Owner>","утечек не подтверждено","1 подтверждённый случай (пропуск QA)"
